Rank,Industry,Sector,Relative Strength,Percentile,1 Month Ago,3 Months Ago,6 Months Ago,Tickers
1,Residential Construction,Consumer Cyclical,128.94,99,99,96,33,"HOV,BZH,GRBK,TPH,PHM,TMHC,MTH,MHO,DHI,KBH,SKY,CCS,LEN,TOL,NVR,LEGH,CVCO,DFH,LGIH,MDC"
2,Copper,Basic Materials,114.23,99,99,99,55,"ERO,SCCO,TGB,HBM,FCX"
3,Infrastructure Operations,Industrials,109.91,98,96,54,92,"ACA,VRRM"
4,Resorts & Casinos,Consumer Cyclical,108.71,98,94,96,43,"MSC,MLCO,WYNN,LVS,PLYA,MGM,BYD,RRR,BVH,GDEN,MTN,HGV,MCRI,FLL,CZR,VAC,PENN,CNTY,BALY,SLNA"
5,Other Precious Metals & Mining,Basic Materials,107.64,97,98,80,26,"PPTA,MUX,GATO,TFPM,VOXR,ASM,EXK,SILV,MTA,BVN,PLG,NEWP,GROY,ITRG,AUMN"
6,Engineering & Construction,Industrials,106.61,96,74,77,64,"OIG,LMB,VATE,MYRG,FIX,EME,STRL,PWR,IESC,STN,BLD,APG,KBR,GVA,AGX,ACM,PRIM,MTZ,BBCP,FLR,ROAD,DY,TTEK,J,ORN,ESOA,MTRX,WLMS,WLDN,AENZ,NVEE,AMRC,SLND,GLDD,TPC,DRTT,BLNK,ENG,AGFY"
7,Industrial Distribution,Industrials,106.04,96,90,84,80,"EVI,GWW,WSO,DSGR,AIT,CNM,FERG,MSM,FAST,SITE,WCC,TRNS,POOL,TITN,GIC,DXPE"
8,Confectioners,Consumer Defensive,104.53,95,79,51,93,"HSY,MDLZ,TR,RMCF"
9,Beverages—Brewers,Consumer Defensive,103.29,94,92,65,67,"FMX,CCU,BUD,TAP,ABEV,SAM,SBEV"
10,Oil & Gas Midstream,Energy,103.27,94,96,88,98,"NGL,TRMD,TNK,FRO,TK,OSG,STNG,DHT,INSW,LPG,GLOP,PBT,FLNG,EURN,TNP,DCP,ET,PAA,NVGS,PAGP,AM,EPD,MMP,TRGP,MPLX,OKE,GEL,NS,LNG,GLP,ENB,WES,HESM,GLNG,GPP,DKL,VNOM,KMI,CEQP,WMB,DTM,HEP,PBA,ENLC,KNTK,SMLP,TRP,MARPS,CQP,DLNG,BROG,MMLP,ETRN,SNMP"
11,Insurance—Reinsurance,Financial Services,102.9,93,86,91,82,"SPNT,RNR,RE,GLRE,RGA,MHLD,BNRE,OXBR"
12,Building Materials,Basic Materials,102.83,92,95,84,74,"TGLS,CX,USLM,CRH,EXP,CPAC,MLM,VMC,BCC,SUM,LOMA,JHX,SMID,RETO"
13,Insurance—Diversified,Financial Services,102.62,92,82,94,78,"WDH,ACGL,GSHD,ESGR,IGIC,ACGLO,FGF,ESGRO,ORI,SLF,ACGLN,ESGRP,HIG,PFG,AEG,AIG,EQH,FGFPP"
14,Gold,Basic Materials,102.35,91,87,86,22,"DRD,AU,GFI,AGI,EGO,OR,HMY,IAG,TRX,WPM,ORLA,CTGO,GAU,KGC,NGD,CMCL,AEM,IAUX,RGLD,HL,FNV,CGAU,EQX,NFGC,BTG,GOLD,SA,VGZ,IDR,ODV,NG,SAND,GLDG,USAU,NEM,CDE,DC,THM,PZG,SSRM,SBSW,AUST,GORO,HYMC,AAU,HYMCL"
15,Oil & Gas Integrated,Energy,102.19,90,83,92,98,"YPF,TGS,BP,XOM,TTE,E,SHEL,CVX,IMO,EC,SU,EQNR,NFG,CVE,PBR,SLNG"
16,Restaurants,Consumer Cyclical,102.03,90,88,64,71,"GRIL,TAST,PBPB,WING,RRGB,BTBD,CMG,SBUX,CHUY,YUMC,NATH,BH,JACK,TXRH,QSR,EAT,YUM,BJRI,BLMN,DRI,MCD,FATBP,KRUS,RAVE,FRGI,WEN,ARCO,FWRG,RICK,CBRL,THCH,SHAK,STKS,PTLO,DENN,CAKE,BDL,GTIM,ARKR,DPZ,DIN,RUTH,NDLS,LOCO,PZZA,FAT,FATBB,BROS,CNNE,REBN,SG,YOSH,BFI,BTB"
17,Trucking,Industrials,100.72,89,90,59,39,"USX,CVLG,SAIA,ARCB,DSKE,PATI,TFII,SNDR,ODFL,KNX,WERN,MRTN,HTLD,RXO,ULH,BEST,PTSI,YGMZ,YELL,TSP"
18,Household & Personal Products,Consumer Defensive,100.36,88,69,29,20,"ELF,HIMS,IPAR,COTY,CLX,UL,CHD,KMB,EPC,PG,CL,SPB,ACU,EWCZ,EL,NUS,SKIN,TKLF,HELE,NTCO,NWL,UG,MTEX,GROV,TANH,BRSH"
19,Beverages—Non-Alcoholic,Consumer Defensive,100.27,88,76,46,65,"COCO,KOF,CCEP,COKE,CELH,MNST,PEP,FIZZ,PRMW,KO,KDP,ZVIA,OTLY,BRFH,WTER"
20,Footwear & Accessories,Consumer Cyclical,99.8,87,84,76,28,"CROX,DECK,SKX,VRA,NKE,WEYS,SHOO,RCKY,WWW,CAL,FORD,AREB"
21,Lodging,Consumer Cyclical,99.6,86,81,55,46,"LUXH,HTHT,SHCO,H,GHG,IHG,HLT,CHH,MAR,WH,INTG,SOND"
22,Drug Manufacturers—General,Healthcare,99.51,85,66,69,92,"HZNP,BIIB,LLY,MRK,NVS,GILD,AZN,SNY,ABBV,AMGN,JNJ,GSK,BMY,GRFS,PFE,OGN,SCLX"
23,Consulting Services,Industrials,99.51,85,76,79,91,"BWMN,HURN,FCN,GRNQ,ICFI,CRAI,EFX,VRSK,BAH,TRU,EXPO,RGP,FC,FORR,EPOW"
24,Utilities—Regulated Electric,Utilities,98.83,84,63,70,84,"GNE,ENIC,CEPU,PCG,EDN,PCGU,EIX,NGG,PNW,ED,POR,SO,IDA,FTS,CNP,AEE,PEG,XEL,EXC,PPL,WEC,PNM,NEE,AEP,FE,AEPPZ,CMS,EVRG,LNT,ETR,DUK,OGE,ES,DTE,AGR,KEP,D,EBR,VIASP,VIA"
25,Shell Companies,Financial Services,98.8,84,71,53,90,"SYM,GATEW,FRLAW,RACYU,PBAXU,CLRC,RACY,FATPU,GRCY,GSDWU,ITAQU,TOACU,FMIVU,GSRMU,GTACU,DMAQ,SCAQU,EDTX,GRCYU,PNACU,DHAC,GPACU,LGST,KACLU,PBAX,FSRXU,GTAC,MTRY,TLGYU,AIMAU,SAMAU,CLOE,CLOEU,AVACU,RCLFU,ACAQ,MEOAU,GIA,MBTC,GGAAU,KACL,NUBIU,WINV,RCLF,MEOA,PWUPU,ARYD,PCCTU,PPHPU,GDNR,NFNT,SAGA,SLAMU,CCAI,IOAC,GENQU,ASCAU,BRAC,CCAIU,OXACU,SWSSU,FRLA,VHAQ,LIBY,ADER,MCACU,BWACU,ONYX,OTEC,BRKHU,GENQ,CNGLU,ESAC,MCAA,MTRYU,BRLI,CLAY,VIIAU,IMAQ,MAQC,OXAC,CNGL,GPAC,LIBYW,PCCT,ARRWU,AIB,SMAP,NBST,ACBA,GOGN,IXAQ,NCAC,AMAOU,FACT,LHC,ACACU,IFIN,SLAM,FXCO,ASCBU,KRNLU,MPRAU,RENEW,ALCC,AFAR,CXAC,PNAC,UPTDU,IRRX,PLMI,AIBBU,FATP,GGAA,LIBYU,AGAC,AOGOU,NBSTU,GMFI,USCT,LFACU,ATAK,APXI,ARIZ,FLFVU,TETE,APCA,SEDA,ADOC,TRON,BWAQ,PPHP,TRTL,ARRW,DPCSU,FGMCU,PGSS,TLGA,ALSA,DECA,SKGRU,ASPA,CSLM,UPTD,KYCH,ASCB,KCGI,GVCI,FSNB,TOAC,BFAC,FEXDU,VMCAU,WEL,AFTR,FRLAU,SLVR,LATG,LFAC,MSSA,EVGR,GMFIU,IRAAU,LCAAU,VII,NVAC,SKGR,NUBI,HHLA,TLGY,YOTA,EVE,CNDA,ROC,ARIZU,GSQB,WNNR,CLAYU,IVCB,SLVRU,APAC,BWAQU,SHUA,AVHI,CFFE,CORS,YOTAU,HNRA,RWODU,IVCA,PRLH,FICVU,NOVV,RENE,SVIIU,BITE,CHAA,GFGD,AVAC,FICV,UTAAU,GLLI,LIVB,SCRM,BOCNU,GLTA,IMAQU,MITA,PACI,SHAP,GBBK,DNAB,ENERU,FRBN,GFGDU,MTVC,PLAO,ADERU,DNAD,SCUA,TGR,DUET,LITT,MNTN,NETC,PHYT,AAC,JAQC,NFYS,TENKU,BSAQ,EOCW,LBBB,CHEA,RCFA,CFIV,JGGC,PNTM,APTM,SHUAU,SPCM,CDAQ,ENCP,FIAC,TGAA,TRONU,AFARU,CREC,AOGO,CITE,DPCS,FEXD,APXIU,BIOS,BOCN,IPVF,IVCPU,MTACU,PEGR,WTMA,FTII,LGSTU,NRAC,PRLHU,CHEAU,BIOSU,CPUH,DHACU,PFTA,CLIN,FZT,IVCP,KRNL,ROCLU,SAMA,WAVC,ADRT,AHRNU,IVCAU,XPAX,XPDB,APTMU,ARYE,HCMA,RFACU,HMA,ROCL,RRAC,STET,GLLIU,LATGU,ACABU,ACAHU,AHRN,ATAKU,HAIA,BCSAU,LGVC,RENEU,JUGG,VMCA,GSRM,TRIS,NRACU,QOMOU,AVHIU,HMACU,UTAA,AIMBU,EAC,FNVT,PEGRU,PIAI,PMGMU,WAVSU,MCAG,MITAU,RCAC,VSAC,EGGF,GHIX,LOCC,ROSS,TRCA,HMAC,RONI,BYNO,LCAA,SVNA,ADAL,ENTF,PPYA,PWUP,VBOC,OXUS,PLAOU,SZZL,LGVCU,MCAAU,VHNA,VMGAU,APGB,DSAQ,BLEU,BMAC,GLSTU,PORT,ZT,BPAC,ENER,PRPC,SCRMU,ATEK,BRD,DALS,HWEL,SGHLU,TGAAU,FTIIU,INTE,PTWO,TCOA,VMGA,HCVI,KNSW,ORIA,ALSAU,CNDB,FLFV,FWAC,MOBV,PTWOU,AQU,BNIX,FGMC,JAQCU,MCAC,RJAC,SPCMU,TGVC,TRAQ,VCXA,VLAT,ACAC,ALPA,CBRG,RCACU,SKYA,ZING,ACAX,CSTA,PMGM,EMLD,GDST,EVGRU,MTAL,ICNC,RFAC,CRECU,GAQ,MACA,MURF,APMI,MPRA,VSACU,ENTFU,HCNE,IVCBU,SGHL,TGVCU,GDSTU,LCW,SUAC,ASCA,CCTSU,KYCHU,TWLV,CCTS,PUCK,RWOD,CITEU,NPAB,BYNOU,TBCPU,VCXAU,ARTE,CLINU,NPABU,SLAC,THCP,BPACU,CFFS,CMCA,FRBNU,GFOR,SVII,TMKR,IGTAU,CPAA,LITTU,PFTAU,MBSC,SVNAU,SWSS,ACAXU,ADEX,CLBR,BCSA,HAIAU,HCMAU,PGRWU,XPAXU,DECAU,FNVTU,MCAF,PSPC,TWCB,BNNR,CDAQU,IXAQU,ALPAU,FHLT,OPA,SAGAU,THCPU,ITAQ,LVAC,NCACU,PEPLU,ACRO,MURFU,BHACU,DTOC,KVSA,MOBVU,VLATU,CBRGU,SCAQ,APMIU,BWAC,BRIV,CFFSU,CSLMU,TETEU,IOACU,BHAC,INAQ,ROCG,DKDCA,WRAC,XFINU,ARTEU,AXAC,LIVBU,SLACU,ORIAU,MAQCU,QFTA,CFFEU,ONYXU,WTMAU,HWKZ,PEPL,PPYAU,FMIV,SMAPU,CVII,BNNRU,INTEU,JGGCU,FIACU,MACAU,BLUA,DUETU,XPDBU,CFIVU,LBBBU,LVACU,VBOCU,HHGC,TWCBU,VCXB,ZTAQU,OHAA,CCVI,DHCAU,FLAG,CPAAU,TWLVU,CPTK,CONX,MEKA,TBCP,FLME,OCAX,PGRW,RMGCU,GHIXU,MCAFU,MTAC,ADALU,GAMC,ACAB,EMLDU,HWELU,HCNEU,WWACU,BYTSU,ERES,WWAC,IRAA,PLMIU,TMKRU,ROCAU,ROSE,ATAQ,OXUSU,SDAC,JUN,CMCAU,BREZ,MCAGU,PUCKU,SKYAU,HUDAU,BYN,GFX,DHCA,NSTD,DKDCU,WAVS,ALOR,BACA,IGTA,BLEUU,BRIVU,SDACU,AURCU,SGII,BLNG,EMCGU,LCAHU,ARBGU,NSTC,HCVIU,ALORU,SNRHU,VHNAU,ACAH,OLIT,CONXU,ZINGU,SZZLU,XFIN,MLAC,USCTU,TWOA,BOAC,JUGGU,AEAE,COOL,MBTCU,LCA,AEAEU,AURC,MBAC,OLITU,COOLU,CLRCU,BWCAU,BWC,OTECU,ENCPU,ALTU,GDNRU,BRKH,FHLTU,CCV,RMGC,WINVU,HPLT,EACPU,FSRX,EVOJ,SNRH,NSTB,GATE,BTWN,DISA,JWSM,ANZU,GATEU,ANZUU,AACI,ARBG,OSI,BYTS,ASPAU,MSSAU,FRXB,DUNE,DISAU,ALTUU,PRSR,AMAO,BTWNU,VAQC,HHGCU,HPLTU,SGIIU,AQUNU,NOVVU,DUNEU,PRSRU,BRLIU,GVCIU,BRACU,DTOCU,APACU,EDTXU,EVOJU,AACIU,ROCGU,BLNGU,ACBAU,OHAAU,ESACU,OCAXU,GAMCU,ERESU,ROSEU,MLACU,JWAC,SWAG,CIIGU,CIIG,GBRGU,GBRG,CLINW,GRNT,DWAC,DWACU,MTRYW,TGVCW,AGBA,ADALW"
26,Thermal Coal,Energy,98.27,83,93,98,99,"HNRG,NRP,CEIX,ARLP,BTU,ARCH,NC"
27,Steel,Basic Materials,98.07,82,91,92,94,"ZEUS,PKX,HUDI,RS,USAP,TX,FRD,SIM,STLD,MT,CMC,NUE,MSB,GGB,ASTL,SID,X,TMST,SCHN,CLF,ZKIN,ACNT"
28,Rental & Leasing Services,Industrials,97.96,82,84,87,76,"PRG,FTAI,TRTN,WLFC,MPU,ALTG,WSC,GATX,TGH,FTAIN,AER,FTAIP,UHAL,FTAIO,URI,AL,MGRC,AAN,R,CTOS,HEES,HTZ,CAR,HRI,FPAY,BRDS"
29,Silver,Basic Materials,97.76,81,78,78,34,"SVM,FSM,MAG,PAAS,AG"
30,Insurance—Property & Casualty,Financial Services,97.5,80,61,56,63,"UIHC,HRTG,UVE,KNSL,RLI,PGR,WTM,SIGI,GBLI,MKL,AXS,TRV,HGTY,ARGO,HCI,DGICA,CINF,CNFR,DGICB,KMPR,CB,NODK,L,ALL,AFG,CNA,SIGIP,STC,WRB,THG,PLMR,UFCS,SAFT,PRA,HMN,MCY,UNAM,LMND,KINS,HALL,ROOT"
31,Specialty Industrial Machinery,Industrials,97.45,80,89,82,66,"BWEN,TAYD,GHM,GE,CVV,CIR,SXI,GGG,PNR,HWM,AOS,TNC,THR,DCI,IR,ITW,WTS,B,OTIS,ETN,CSWI,MWA,PH,XYL,GTES,FELE,ROK,DOV,ITT,SPXC,OFLX,MIR,TWIN,ROP,AME,CMI,FLS,PSN,HI,JBT,EPAC,PKOH,TPIC,BGRY,ENOV,RRX,KAI,LASE,LXFR,BW,MIDD,IEX,NDSN,EMR,HLIO,NPO,CYD,GTLS,GRC,HURC,AMSC,GNRC,BLDP,KRNT,PYR,CGRN,JCSE,GTEC,SHPW,XMTR,BURU"
32,Semiconductor Equipment & Materials,Technology,97.39,79,98,90,30,"INTT,ACLS,AEHR,IPGP,LRCX,OLED,ASML,COHU,AMAT,ONTO,KLAC,INDI,NVMI,KLIC,CAMT,DQ,TER,ICHR,ASYS,VECO,ATOM,UCTT,TRT,ENTG,ACMR,PLAB,AMBA,XPER,TGAN,AXTI"
33,Medical Distribution,Healthcare,97.35,78,65,93,94,"CAH,ZYXI,ABC,PBH,GEG,MCK,HSIC,PDCO,OMI"
34,Mortgage Finance,Financial Services,97.27,78,59,67,27,"UWMC,CNF,PFSI,COOP,RKT,SNFCA,GHLD,OCN,GHI,IOR,HMPT,ECPG,VEL,LDI,WD"
35,Utilities—Diversified,Utilities,96.75,77,51,60,88,"ELP,OTTR,CIG,AVA,ALE,UTL,NWE,MGEE,AESC,AES,SRE,HE,BIP,BKH,MNTK"
36,Insurance Brokers,Financial Services,96.66,76,92,94,23,"HUIZ,FANH,CRVL,AJG,SLQT,MMC,AON,BRO,EHTH,ERIE,WTW,BRP,GOCO,TIRX,RELI"
37,Utilities—Regulated Water,Utilities,96.63,76,71,88,89,"CDZI,CDZIP,CWCO,SJW,PCYO,ARTNA,AWR,YORW,AWK,CWT,SBS,WTRG,MSEX,GWRS,ARIS"
38,Banks,Financial Services,96.57,75,51,40,79,"PFH,BPOPM,BANFP"
39,Capital Markets,Financial Services,96.54,74,77,32,19,"SAI,HGBL,CIFR,SIEB,BTBT,FRHC,WULF,IREN,MFH,APLD,SNEX,BGCP,DFIN,IBKR,FUTU,MKTX,SDIG,AMRK,PIPR,EVR,MS,TW,HLI,GS,OPY,MEGL,MARA,WHG,AC,SRL,SF,JEF,NMR,PWP,LPLA,PJT,BITF,VIRT,RJF,MC,LAZ,HUT,HIVE,MIGI,ATIF,BTCS,TIGR,XP,NCPL,SCHW,COHN,GHL,ARBK,GREE,LGHL"
40,Retail Apparel & Specialty,Consumer Cyclical,96.31,74,60,46,84,"DDT,TANNI"
41,Closed-End Fund - Equity,Financial,96.12,73,67,35,35,"ECAT,BCAT,TBLD,BMEZ,AIO,CPZ,MEGI,NBXG,ZTR"
42,Insurance—Specialty,Financial Services,95.95,73,44,68,75,"AMBC,ICCH,AMSF,RDN,NMIH,TIPT,MTG,ESNT,ACT,FAF,EIG,RYAN,ITIC,AGO,HIPO,FNF,JRVR,AIZ,MBI,TRUP"
43,Building Products & Equipment,Industrials,95.82,72,61,63,38,"AAON,BLDR,IBP,AEHL,AZEK,SSD,PGTI,LII,OC,TT,GMS,FBIN,DOOR,BECN,ROCK,PPIH,MAS,CARR,TREX,JCI,APOG,JELD,APT,LPX,BXC,JBI,AWI,NX,CSL,WMS,CSTE,ILAG,ASPN,SWIM,VIEW"
44,Closed-End Fund - Debt,Financial,95.55,71,57,62,54,"FTHY,RMI"
45,Airports & Air Services,Industrials,95.01,71,94,73,88,"CAAP,OMAB,ASR,PAC,JOBY,ASLE,BLDE,UP"
46,Tools & Accessories,Industrials,94.99,70,80,69,74,"SCX,LECO,SNA,TKR,CVR,TTC,RBC,RBCP,KMT,SWK,PFIN,HLMN,EML,TBLT"
47,Metal Fabrication,Industrials,94.5,69,86,85,73,"CRS,MEC,ATI,ESAB,CMPO,MLI,WOR,RYI,ARNC,HAYN,HIHO,AZZ,IIIN,NWPX,TG,GIFI,AP,PRLB,SGBX,ALPP"
48,Banks—Diversified,Financial Services,93.91,69,55,81,60,"BBVA,SAN,SMFG,HSBC,ING,UBS,NU,JPM,BCS,MUFG,RY,NWG,C,BNS,BMO,CM,TD,WFC,BAC,NTB,EWBC,CS"
49,Insurance—Life,Financial Services,93.73,68,62,83,82,"PRI,GNW,PUK,NWLI,UNM,AFL,MFC,BHFAO,VERY,CNO,BHFAP,MDWT,GL,JXN,AEL,BHFAM,BHFAN,MET,BHF,PRU,AAME,CIA,LNC"
50,Entertainment,Communication Services,93.67,67,69,58,16,"LVO,IQ,WWE,IMAX,CNK,MANU,BATRA,BATRK,NFLX,MSGS,BOWL,EDR,MCS,KUKE,FWONK,FWONA,CCZ,RDIB,FOXA,PARA,RSVRW,PARAA,FOX,RSVR,WMG,SBGI,HUYA,DIS,NWSA,NWS,NXST,PARAP,WBD,ROKU,ADD,GAIA,RDI,PLAY,LYV,AMCX,AGAE,AMC,CSSEP,CPOP,CIDM,DLPN,SIRI,ANGH,HOFV,APE,GNUS,CSSE"
51,Oil & Gas Drilling,Energy,93.67,67,97,99,99,"BORR,RIG,DO,SDRL,NE,ICD,HP,PDS,PTEN,NBR"
52,Medical Instruments & Supplies,Healthcare,93.14,66,36,31,21,"PLSE,HBIO,KRMD,OSUR,STVN,SMTI,MASI,WST,ISRG,MMSI,XRAY,COO,HAE,HOLX,LUCY,NYXH,LMAT,TFX,ATR,BDX,DXR,INFU,BLCO,RMD,UTMD,BDXB,ICUI,POCI,STAA,NXGL,NVST,ALC,MLSS,QDEL,ATRC,NEPH,PDEX,ATRI,BLFS,BAX,NVCR,RGEN,EKSO,ZTEK,NSTG,STXS,AZTA,RVP,WRBY,STSS,FEMY,AKYA,ANGO,SDC,MHUA,MBOT,AVGR,OMIC,POAI,GCTK,GMVD"
53,Oil & Gas Equipment & Services,Energy,93.02,65,74,98,97,"WFRD,TDW,GEOS,NOA,FTI,HLX,OII,XPRO,AROC,KLXE,DWSN,USAC,RNGR,SDPI,OIS,PFIE,SLB,NR,CHX,EFXT,BKR,CLB,VAL,DRQ,SLCA,NGS,TS,HAL,WTTR,CCLP,BOOM,DNOW,FET,NEX,MRC,NINE,WHD,LBRT,SND,NOV,RES,VTOL,SOI,TTI,NCSM,PUMP,ACDC,FTK,RCON,ENSV"
54,Travel Services,Consumer Cyclical,92.99,65,78,95,49,"TOUR,TCOM,BKNG,RCL,LIND,MOND,ABNB,YTRA,TNL,NCLH,CCL,MMYT,EXPE,TRIP,DESP,SABRP,SABR"
55,Waste Management,Industrials,92.79,64,75,42,61,"PESI,CLH,GFL,AQMS,CWST,HCCI,RSG,HSC,WM,WCN,AWX,SRCL,QRHC,CHNR,LICY,AMBI,MEG,GWAV,JAN,LNZA"
56,Utilities—Independent Power Producers,Utilities,92.6,63,49,38,86,"PAM,VST,NRG,TAC,KEN"
57,Asset Management,Financial Services,92.53,63,52,45,57,"AAMC,BUR,AMK,FOCS,FHI,ARES,FDEU,MGLD,ECC,MXE,WT,BGY,EEA,BXSL,MCN,BSIG,BUI,MXF,BFZ,CGBD,AVTA,APO,CEN,EDD,FCO,VCTR,JOF,SCM,APAM,TWN,ASA,BOE,FAX,DSU,AOD,LRFC,BRW,ENX,VCIF,SWZ,FRA,BGR,GAM,GJR,GNT,FFA,BXMX,AWF,BME,FMY,PFX,DHY,HLNE,EDI,NXP,CII,PCM,CIK,BIT,EFT,BGT,CTR,ADX,AMG,AIF,FTF,BTA,SEIC,EGF,QQQX,ETY,FDUS,AGD,ECCC,NCA,EMF,BGH,AMP,BLW,HYW,FOF,EOI,MAIN,BBN,FSK,AFT,FIF,EFR,EHI,NHS,BMN,DSL,GGN,CION,RMM,CCD,NXN,ARDC,EVM,NIQ,MPV,NTRSO,FT,BHK,ETW,DMB,EIM,EMD,GF,SAMG,BEN,FAM,EOT,CEV,CBH,CXH,BYM,OIA,EVF,KKR,FSD,JHG,EXG,GAINN,NMI,FPL,STEW,BCX,GER,DNP,EMO,BGB,ARCC,FMN,OXLCM,DIAX,FEI,BTZ,AEF,BLE,CSQ,VCV,DHF,BSL,CET,GOF,ETG,BANX,ETX,PAX,BIGZ,OXLCP,BLK,DMO,BTT,SAR,CCAP,BKT,GAIN,TPG,CLM,ETJ,CEM,STK,FCT,SBI,IGI,PAI,RCS,MCI,THW,DSM,CMU,AVK,BDJ,OCCIO,MMD,MHN,CRF,BGX,ERC,MYI,CSWC,INSI,OXLCO,GBAB,NUW,BWG,NUV,OCCIN,NIM,BNY,VTN,NRGX,VBF,EVN,IVZ,BFK,OWL,AFB,MUI,MFM,OXLCN,MYN,NQP,ETO,SRV,EOS,NNY,MQY,CXE,IQI,SOR,EAD,DTF,DBL,MHF,MGF,PTY,MMT,DMF,GBDC,EVG,NXJ,NAN,NFJ,HIE,GIM,SLRC,EOD,GDV,NBO,KSM,VLT,NMZ,NRK,MMU,NBB,EVT,HRZN,TY,FUND,BST,LEO,NBW,EVV,MIN,TROW,DPG,MHD,SCD,SPXX,GCMG,KTF,MYD,IIM,MPA,VKQ,ISD,EDF,GGZ,GRX,GRF,MNP,NML,BK,TSI,VMO,ACP,MHI,MVT,GDL,IDE,VKI,PHT,VPV,CUBA,VGM,MSD,NBH,NEA,NAD,MQT,ERH,OFS,MVF,JSD,MUC,GAB,LGI,VVR,PCN,GDO,GLU,JLS,JMM,TPZ,MFIC,MCR,NAC,TEAF,PZC,NXC,PNF,UTG,PEO,JHS,NDP,GUT,PHD,MAV,MUE,CHW,JFR,ACV,SWKH,NZF,HEQ,TEI,IGA,IGD,JQC,NOAH,GHY,THQ,ASG,USA,MFD,AB,BKN,PGP,PFLT,NMT,VGI,HQL,TSLX,IHD,ETV,PPT,VRTS,PIM,WEA,BX,TTP,IFN,CHI,HIO,KYN,PCK,JEQ,HYB,NSL,KIO,MUJ,JRO,STT,NVG,PNI,MIY,RA,GLAD,KMF,ECF,CGO,HYT,IAE,FGB,CHY,HYI,NIE,NPV,VFL,IHIT,JHI,NCZ,CHN,HIX,CAF,NMFC,MUA,RGT,WIW,NMS,HTY,PHK,DHIL,NTG,PMX,XFLT,TPVG,PMM,HPF,MFV,SII,NKX,OCCI,CIF,CEE,FEN,PMF,HQH,ETB,PML,WIA,AWP,PFN,PX,BCV,PSEC,BCSF,JRI,HNW,HPS,SPE,UTF,JGH,PDT,HTD,HPI,BSTZ,IAF,PTMN,BKCC,GGT,TYG,PFL,TDF,WHF,RMT,PCF,CG,PMO,FLC,NXG,RVT,DFP,RAND,HTGC,PUYI,JCE,HGLB,IIF,DMA,OXSQ,NCV,BN,KF,PTA,PAXS,TRIN,NAZ,FPF,OXLC,PSF,RCG,BHV,JPS,PYN,RIV,CNS,FFC,RLTY,RFI,JPI,OPP,PDI,NOM,RQI,SCU,MRCC,LDP,GRABW,RNP,GSBD,NPFD,PFD,ICMB,JRS,PFO,TURN,EQS,GCV,NTRS,JPC,VINP,PNNT,CRBG,GLV,GLO,PGZ,GLQ,STEP,NRO,BTO,GROW,BBUC,HFRO,NXDT,TCPC,IGR,HNNA,PCQ,GECC,SSSS,AMTD,AINC,SVVC,BRDG,ALTI,NEWT,SFE"
58,Discount Stores,Consumer Defensive,92.39,62,49,32,81,"OLLI,BJ,WMT,PSMT,DLTR,COST,DG,TGT,BIG"
59,USA,--- Reference ---,91.92,61,38,27,80,"SGG,FNGU,FNGO,NIB,BNKD,DGP,BAR,AMUB,AMJ,SPY,EMCG,JO,GRN,ASGI,MLPB,ATMP,JJC,COW,DLY,BDCZ,PYPE,UCIB,GLDI,BCM,DGZ,SLVO,OIL,NMCO,BAL,VXZ,JJN,DJP,JJG,GSP,USOI,DZZ,PFFL,NRGU,NRGD,SMHB,VXX,BNKU,GAZ,FNGD"
60,Electronics & Computer Distribution,Technology,91.78,61,88,65,85,"CLMB,NSIT,ARW,AVT,TAIT,SNPO,SNX,SCSC,CNXN,AEY"
61,n/a,n/a,91.66,60,53,34,52,"ROCAR,BGRYW,CATX,CLINR,AMPGW,FIEE,LUCYW,JJS,MYPSW,TMCWW,DTG,PGM,DTB,JJP,AFGB,EOSEW,FOSLL,CCLDP,AFGD,FBGX,CMSA,AFGC,CMSC,SOJD,SOJC,ARGD,CGABL,CMSD,AEFC,MGR,EICA,GAINZ,FIHD,SOJE,DTW,NRUC,PYT,GJO,ARBKL,CNFRL,GPJA,LD,DUKB,ECCX,ATLCL,ENO,MTCN,GSD,ATCOL,BWSN,QDRO,QDROU,MGRB,GJP,TFSA,NEWTZ,RZC,DCF,SREA,PRH,TBC,NSS,SKGRW,AIC,FCRX,AJXA,SEPAU,BHFAL,MGRD,AAIN,PFXNZ,EIC,AIZN,JHAA,HTFB,GJS,AFGE,TRINL,ECCV,HCXY,KTN,ECCW,GJT,OFSSH,UNMA,SBBA,JJT,SAJ,TVC,AMTR,TANNL,LIFWW,KTH,SEPA,AQNB,OXLCZ,RILYO,TBB,CSSEN,HTFC,TANNZ,HWCPZ,NEWTL,HROWL,GECCN,CHKEL,SCCB,PRS,GECCM,BWNB,RZB,OXSQL,KKRS,CCLDO,BEPH,METCL,OXSQZ,RCC,AQNA,RCB,SAT,HNNAZ,SSSSL,SACC,ALTUW,JJA,GEGGL,GECCO,SCCG,SCCC,RWAYL,OXSQG,SDHY,RILYM,CHKEZ,NDMO,BEPI,GUG,WDI,SCCF,OXLCL,SCCD,BIPH,RMMZ,SCCE,RFM,CHKEW,SNCRL,MIO,RFMZ,JJM,FINS,NMAI,ZIONL,TPTA,BNH,INBKZ,JJU,BNJ,CUBB,IHTA,NPCT,RILYZ,NLSPW,BHM,MHNC,RSF,TELZ,DHCNI,MLPO,MHLA,RILYT,GJH,IINNW,CYTHW,BIPI,RILYK,RILYN,RILYG,GSRMR,BPYPM,JPT,KMPB,OTECW,UZD,UZF,UZE,CFIVW,HPKEW,GREEL,SEATW,JJE,PAVS,ELC,LTCHW,RNWWW,COOLW,SHCRW,CTDD,LIXTW,VSSYW,IMBIL,OPINL,PACWP,MTACW,ARQQW,TBLTW,QVCD,QVCC,EVGOW,BTWNW,NIR,LIDRW,ZFOXW,BNMV,BDRX"
62,Integrated Freight & Logistics,Industrials,91.31,59,48,36,46,"XPO,FDX,AIRT,ZTO,RLGT,EXPD,GXO,LSTR,FWRD,CHRW,UPS,HUBG,JBHT,AIRTP,PBI,CYRX,SGLY,ATXG,CRGO"
63,Financial Data & Stock Exchanges,Financial Services,91.13,59,54,49,63,"CBOE,ICE,MCO,MSCI,CME,SPGI,FDS,NDAQ,DNB,VALU,MORN"
64,Credit Services,Financial Services,90.63,58,46,66,15,"PMTS,PT,DXF,NRDS,YRD,XYF,FCFS,QD,AGM,ENVA,QFIN,CPSS,V,MA,NNI,LX,EZPW,SLMBP,IX,CACC,ORCC,SOFI,AIHS,AXP,NAVI,WRLD,JSM,MGI,DFS,PRAA,OMF,FINV,OCSL,JT,SLM,RWAY,PYPL,FOA,MCVT,BBDC,COF,ATLC,ALLY,LMFA,SYF,ATLCP,GDOT,NISN,SNTG,MFIN,LPRO,RM,WU,BFH,NICK,AHG,LC,LU,UPST,OPRT,CURO,SUNL"
65,Food Distribution,Consumer Defensive,90.24,57,37,53,87,"ANDE,PFGC,USFD,DIT,CVGW,SYY,CHEF,WILC,AVO,HFFG,SPTN,UNFI"
66,Pollution & Treatment Controls,Industrials,90.01,57,73,71,62,"CECO,CLIR,AQUA,FSS,CLWT,ERII,SCWO,FTEK,ZWS,TOMZ,PCT,PCTTU,LIQT,MKUL,ADES"
67,Grocery Stores,Consumer Defensive,89.93,56,44,52,77,"DNUT,SFM,KR,ACI,IMKTA,WMK,VLGEA,DDL,GO,NGVC,ASAI,MF"
68,Utilities—Regulated Gas,Utilities,89.66,55,41,43,86,"NJR,NI,ATO,CPK,NIMC,BIPC,SPH,NWN,OPAL,OGS,SR,UGI,RGCO,UGIC,SWX,NFE"
69,Education & Training Services,Consumer Defensive,89.66,55,72,97,56,"GOTU,EDU,EDTK,STG,IH,TAL,AACG,DAO,LOPE,FEDU,STRA,ATGE,LRN,LAUR,GEHI,PRDO,COE,YQ,CLEU,GHC,AIU,LINC,METX,UTI,VEDU,TEDU,WAFU,VSTA,AFYA,COUR,BEDU,CHGG,ARCE,UDMY,VTRU,TWOU,EEIQ,AMBO,SKIL,JZ,APEI,GSUN,GNS,LXEH"
70,Recreational Vehicles,Consumer Cyclical,89.61,54,73,37,10,"EZGO,MPX,MCFT,BC,PII,LCII,MBUU,WGO,DOOO,THO,HOG,VMAR,ONEW,FRZA,VEEE,REE,FUV"
71,Home Improvement Retail,Consumer Cyclical,89.48,53,55,90,53,"FND,TTSH,LOW,HVT,HD,LIVE,ARHS,LESL,LL"
72,Electrical Equipment & Parts,Industrials,89.37,53,70,23,48,"XPON,PLPC,PPSI,ESP,POWL,HUBB,ABB,ENS,ATKR,NVT,AMPX,FLUX,WIRE,APWC,VRT,ENVX,SVT,ENR,AEIS,HAYW,EOSE,ULBI,HOLI,KE,IPWR,SKYX,AYI,OESX,BE,FREY,EAF,LTBR,RFIL,CBAT,OPTT,DFLI,NEOV,FCEL,POLA,ADSE,PLUG,SLDP,MVST,DCFC,NVX,GWH"
73,Oil & Gas Refining & Marketing,Energy,89.12,52,82,80,96,"SGU,PARR,MPC,UGP,VVV,CAPL,SUN,PSX,AE,PBF,VLO,VTNR,DINO,CVI,CSAN,INT,DK,CLNE,BPT,AMTX"
74,Specialty Retail,Consumer Cyclical,89.06,51,65,61,37,"MNSO,TA,NAAS,BWMX,WINA,ASO,CTIB,DKS,BBW,ULTA,ORLY,FIVE,AZO,TSCO,GPC,CASY,MUSA,SBH,FRGAP,FLWS,ODP,FRG,ARKO,BBY,TLF,YSG,BQ,WSM,RH,BBWI,HZO,EVGO,WOOF,KIRK,GME,GRWG,AAP,BGFV,LE,SPWH,CHPT,SSU,BNED,EYE,BARK,POL,TCS,OLPX,CONN,HNST,JOAN,NVVE,BBBY"
75,Auto & Truck Dealerships,Consumer Cyclical,89.01,51,58,22,24,"CARS,ACVA,KFS,CPRT,GPI,PAG,AN,RUSHB,ABG,DRVN,RUSHA,NWTN,CRMT,SAH,KMX,CWH,KAR,LAD,CANG,LAZY,JZXN,VRM,KXIN,RMBL,SFT,CZOO,UXIN"
76,Airlines,Industrials,88.67,50,64,24,34,"SKYW,RYAAY,CPA,VLRS,ALGT,SNCY,UAL,DAL,ALK,MESA,AAL,JBLU,AZUL,LUV,GOL,SAVE,ULCC,ATSG,HA"
77,Personal Services,Consumer Cyclical,88.64,49,32,16,24,"WW,DSEY,ROL,RGS,FTDR,SCI,ROVR,EM,HRB,BFAM,MRM,CSV,MCW,MED,XWEL,EJH"
78,Semiconductors,Technology,88.28,49,85,67,11,"NVDA,RMBS,LSCC,ALGM,NVEC,AMD,AVGO,MPWR,ADI,ON,UMC,STM,ASX,CRUS,GFS,MU,MCHP,NVTS,WKEY,TSEM,SWKS,IMOS,VSH,TSM,SLAB,SKYT,DIOD,AMKR,MTSI,INTC,TXN,MRAM,NXPI,POET,FORM,SQNS,SIMO,POWI,QUIK,QRVO,SGH,HIMX,QCOM,SITM,AAOI,MRVL,CEVA,MX,SYNA,LASR,PXLW,LEDS,AOSL,EMKR,GSIT,VLN,MXL,WOLF,NA,AIP,SMTC,PRSO,WISA"
79,Aerospace & Defense,Industrials,88.18,48,63,48,53,"AXON,CVU,EH,ERJ,SKYH,CODA,ATRO,OPXS,DRS,BA,TDG,HXL,AJRD,AVAV,IVAC,BWXT,AIR,VVX,CW,RDW,HEI,VTSI,KTOS,PKE,RTX,LMT,SWBI,NOC,TATT,CAE,TXT,DCO,RGR,ESLT,POWWP,EVEX,NPK,GD,SPR,WWD,MRCY,HII,VSEC,CDRE,DPRO,TGI,LHX,PL,ISSC,ASTC,LUNR,RKLB,KAMN,SIF,LLAP,BYRN,POWW,SPCE,ACHR,AIRI,AZ,EVTL,AULT,KITT,ASTR,KWE,LILMW,MNTS,LILM,SIDU"
80,Medical Care Facilities,Healthcare,88.05,48,21,9,32,"OSH,CYH,BTMD,CCEL,LFST,THC,FMS,HCA,UHS,EHC,AGL,SEM,SGRY,CHE,ENSG,HCSG,BKD,PNTG,OPCH,USPH,AMS,INNV,DVA,RHE,DCGO,AMEH,NHC,ACHC,CCM,ADUS,CCRN,AMN,JYNT,TALK,MD,AMED,AVAH,EHAB,CMPS,AIRS,AIH,MODV,PIII,CANO,NVOS,SNDA,ATIP,IONM,BACK,GBNH,TOI"
81,Gambling,Consumer Cyclical,87.86,47,59,25,7,"DKNG,CHDN,GMBLP,IGT,GAMB,LTRY,INSE,LNW,NGMS,CPHC,CDRO,AGS,ACEL,SGHC,EVRI,ELYS,RSI,GAN,SBET,EBET,GMBL"
82,Biotechnology,Healthcare,87.62,46,24,30,25,"VKTX,AMAM,BLPH,NAMSW,CABA,BMEA,TERN,RVPH,RXDX,RPHM,ARDX,MDGL,TGTX,ETNB,RETA,CBAY,MLTX,VRNA,EYEN,AKRO,IFRX,PLX,PTGX,BIVI,AKBA,LBPH,IMVT,INZY,ACLX,ELEV,CYCCP,MACK,OCUP,ACHV,ISEE,UNCY,IMRX,NLSP,ALDX,PRQR,NUVL,SCPH,PLRX,TYRA,ATXS,NVCT,BLU,OMER,VTYX,OBIO,VECT,SPPI,VRCA,CRBP,ROIV,OVID,MORF,OCUL,BBIO,APLS,SLNO,AXSM,GRTX,XERS,APLT,ASLN,PYXS,RNXT,MRNS,VIRI,LEGN,LRMR,RVNC,IMMX,VRDN,ARCT,FDMT,TRVI,CALT,SGEN,MGNX,MREO,LMNL,OMGA,IKNA,RYTM,CUE,NVO,TALS,GLYC,GANX,TNYA,CPRX,BGNE,ORIC,PCVX,BLTE,CTXR,SAGE,DICE,IDYA,PTCT,FUSN,SPRY,ADMA,AUPH,GALT,BLRX,INDP,URGN,LGND,AMLX,ZYME,BCLI,PRTA,ACAD,THRX,CRMD,ELOX,KRTX,SRPT,PMN,XFOR,LQDA,WVE,CASI,BRTX,NRSN,OLMA,IMCR,CDTX,BTAI,CRVS,BHVN,PEPG,GRPH,NAMS,AVRO,REGN,CDIO,ATNM,ETON,CMPX,VRTX,XENE,MIRM,SVRA,ANNX,FGEN,QNCX,PRLD,BCTX,CYT,VIGL,CELC,ARAV,FOLD,KRYS,PHAR,LXRX,RCKT,ICPT,ANPC,SPRO,ALNY,CDMO,ANVS,OCS,GERN,IMGN,PMCB,VCEL,ABCM,ARGX,GMAB,SPRB,TBPH,RAIN,TLSA,CBIO,MDXG,GNTA,ONTX,DMAC,BCDA,ANEB,IMNM,AVTE,KYMR,FENC,CNTA,ALKS,NAUT,JNCE,TRDA,KALV,CRDF,IPHA,SGTX,ANIX,ZVRA,PDSB,ONCY,CELZ,XLO,MOR,EYPT,HEPA,VYGR,BOLT,ALPN,NERV,UTHR,RVMD,BMRN,CRIS,CRNX,MRUS,IRON,BPMC,ERYP,PLUR,PPBT,TCRR,DBTX,SVA,VCYT,QURE,LIAN,KDNY,MNKD,LCTX,VIR,JANX,DBVT,COGT,TPST,SABS,EXEL,SAVA,FBIOP,ABUS,VYNE,INBX,ONVO,MOLN,TARA,ARWR,XOMAO,PNT,PHVS,XOMAP,FBRX,CING,GNFT,MGTA,CNTB,PHAT,CERE,PRTC,TECH,SNSE,INSM,TCRX,MDWD,INCY,PROK,ELYM,ZLAB,TVTX,SANA,IMRN,MCRB,GLTO,HUMA,KNSA,KROS,DYN,SNDX,CYTK,CORT,TARS,DYAI,JAZZ,VTVT,PRDS,INKT,LTRN,RARE,EWTX,CAPR,KZIA,XNCR,XOMA,GMDA,VOR,ORTX,CTMX,CTIC,CRSP,GLSI,JSPR,MNOV,ABEO,ABIO,MESO,NYMX,YMAB,KPTI,IONS,AGIO,PBYI,SEEL,VINC,ZNTL,INMB,DARE,VBLT,CGTX,ZIVO,BLUE,RIGL,CLDX,ADVM,ANAB,SELB,VAXX,ALLK,GRTS,RAPT,MNMD,BCAB,ICVX,RPRX,DNLI,INVA,BTTX,ACXP,CHRS,CSBR,NNVC,HOOK,KPRX,ANGN,RGLS,ALGS,STTK,HLVX,OTLK,PRME,MTNB,NTRB,FBIO,RZLT,AMRN,ADPT,ABVC,ADAP,MRNA,GBIO,CGEM,REPL,SMMT,GLPG,MRSN,TTNP,EPIX,AVXL,IMTX,BNTX,COCP,PGEN,IMMP,GHRS,NTLA,ADIL,ADAG,BCYC,TCRT,RGNX,XTLB,NRIX,AGE,DAWN,AIM,MIST,EDSA,SWTX,ARQT,IBIO,CLGN,XRTX,LIXT,HRTX,LEXX,PTIX,ATAI,OPT,MRTX,CYBN,MRVI,CLSD,MDNA,ABOS,DRUG,SRRK,IMNN,NCNA,AUTL,ELDN,CDXC,STOK,AURA,XBIT,DOMH,RCUS,CVM,RNA,RPTX,ALEC,VERV,EVGN,LIFE,HGEN,PULM,IKT,ATOS,EDIT,AEZS,BCRX,GRCL,VTGN,NAVB,NOVN,ABCL,IBRX,KURA,TSVT,MEIP,EFTR,EXAI,LSTA,CLRB,PRTK,ENTX,NGM,APTO,VACC,BEAM,VNDA,SLGL,HALO,ACIU,PSTX,ALZN,ASND,ATHA,BPTS,ENTA,PASG,AVTX,VRPX,HRMY,BYSI,MYMD,RANI,FHTX,NBRV,OCEA,ORMP,HCWB,DFFN,RLYB,CVAC,APVO,CLLS,AGEN,ALVR,STRO,ENOB,IMUX,ANTX,ARVN,XBIO,GOVX,NXTC,INAB,ITOS,MGTX,ENLV,BNTC,LYRA,BWV,ITRM,IOBT,DTIL,NKTX,SLDB,ICCC,NUVB,SLRX,ALLO,SPRC,ATRA,RVLP,LGVN,ADXN,ACST,AADI,VSTM,CMMB,FIXX,STSA,RXRX,VALN,XCUR,ASMB,AVIR,HOWL,KOD,TOVX,THRD,MBRX,EVAX,CDXS,ATHE,DSGN,AIMD,IOVA,CNTX,SLN,CWBR,IGMS,ALXO,BCEL,TNGX,SILO,FATE,NRXP,NBTX,MTEM,CLNN,GNPX,LABP,SYRS,CRBU,GLUE,DRTS,PHGE,CMRX,LUMO,OABI,HILS,SEER,NEXI,ORGS,MAIA,IPA,ALT,CGEN,GLMD,VERA,PRTG,KRON,HSTO,ONCR,BPTH,RLAY,BDTX,QSI,DNA,OKYO,PSTV,CYCC,NTRBW,SYBX,REUN,VIRX,CYAD,AFMD,ACHL,ACER,ERAS,PXMD,TNXP,CADL,SRZN,ACET,VXRT,VCNX,ERNA,FRLN,FNCH,PIRS,IMAB,KA,UBX,EQRX,OCX,LPTX,LYEL,NVIV,ENVB,KRBP,SURF,HARP,PHIO,AMPE,SLS,MNPR,QLGN,MBIO,TCON,IPSC,ARMP,LPCN,ATXI,PTE,OCGN,CELL,IVA,ARTL,LVTX,CKPT,PCSA,SQZ,PMVP,CARA,PTN,SNPX,EQ,NHWK,NVAX,IMPL,BVXV,AXLA,CYCN,CNSP,TIL,KTTA,INO,BNOX,IVVD,TMBR,ALRN,CARM,ABSI,GTHX,SNTI,INM,SGMO,NBSE,MLEC,KTRA,PALI,RLMD,TSHA,MIRO,CMRA,COEP,CELU,APM,CCCC,NRBO,EIGR,APGNW,PYPD,ATHX,TFFP,ICU,ADCT,BIOR,NBY,KNTE,FULC,AGLE,NMTR,AMTI,GOSS,VRAX,KZR,FWBI,ONCT,RNAZ,BLCM,CANF,GTBP,APRE,AKTX,ACGN,PRAX,APTX,OGEN,MRKR,HOTH,IMV,INFI,ADTX,NKTR,TRVN,DRMA,QNRX,CFRX,ENSC,YS,GRNA,ONCS,CYTO,FRTX,ARDS,SNGX,ATNF,FREQ,VYNT,PBLA,APGN,VERU,SONN,WINT,VBIV,ZVSA,BXRX,TCBP,EVLO,TENX,REVB,JAGX,ALLR"
83,Specialty Chemicals,Basic Materials,87.36,46,44,44,58,"CMT,OEC,ODC,NEU,CCF,KOP,LIN,AXTA,PPG,GPRE,APD,DNMR,WDFC,KWR,ECVT,DD,ECL,FSI,NGVT,WLK,LYB,HWKN,CBT,BCPC,IOSP,SHW,OLN,FUL,ASH,SXT,EMN,AVNT,LOOP,NTIC,ESI,REX,MTX,RPM,HDSN,CC,SCL,IFF,LTHM,PRM,AVTR,GURE,ALB,KRO,SQM,SSL,TSE,LWLG,GEVO,AMRS,CRKN,VNTR,ALTO,FEAM,SNES,CNEY"
84,REIT—Industrial,Real Estate,86.95,45,39,17,36,"LSI,COLD,CUBE,FR,EGP,STAG,LANDM,TRNO,PLYM,SELF,PLD,LANDO,PSA,EXR,REXR,LXP,NSA,LAND,IIPR,ILPT"
85,Conglomerates,Industrials,86.57,44,53,78,90,"MATW,IRS,FIP,MDU,HON,JBK,VMI,SEB,CRESY,SPLP,TUSK,TRC,GFF,IEP,VRTV,CODI,MMM,BBU,IGC,RCMT,NNBR,EFSH"
86,REIT—Residential,Real Estate,86.24,44,15,19,40,"AIV,VRE,ELS,INVH,AVB,AMH,EQR,UDR,AIRC,SUI,ESS,MAA,CPT,IRT,BRT,UMH,CSR,NXRT,CLPR"
87,Electronic Gaming & Multimedia,Communication Services,86.21,43,43,88,2,"GDEV,SCPL,GAME,MSGM,GRVY,BILI,NTES,TTWO,ATVI,GIGM,BHAT,AVID,EA,MYPS,RBLX,PLTK,SOHU,BRAG,DDI,NCTY,GMGI,SKLZ,YVR,GDC,MGAM"
88,Electronic Components,Technology,86.17,42,80,74,67,"EMAN,BELFB,LYTS,BELFA,DAKT,OSIS,NEON,DAIO,VIAO,JBL,AMOT,FLEX,SANM,MPTI,LFUS,APH,LINK,CTS,TEL,ELTK,PLXS,CLS,GLW,MEI,LPTH,RELL,FN,CPSH,ROG,NSYS,DSWL,BHE,REFR,TTMI,KOPN,MTEK,LGL,VICR,OST,SGMA,KULR,IMTE,WBX,HOLO,OUST,MMAT,TMPO"
89,Other Industrial Metals & Mining,Basic Materials,86.14,42,57,71,47,"SGML,IPX,TECK,MTRN,SKE,VZLA,WRN,BHP,EMX,FURY,PLL,XPL,AMLI,RIO,STR,LITM,VALE,TMQ,UAMY,TMC,NEXA,LAC,NMG,USAS,NAK,CMP,GSM,SLI,LGO,WWR,GLG,MP,PLM,GRFX,ELBM,IONR"
90,Software - Application,Technology,86.08,41,0,0,69,"CXAI,UPBD,GETR"
91,Chemicals,Basic Materials,85.99,40,48,74,69,"UNVR,SIRE,RYAM,MEOH,DOW,FF,ASIX,CE,WLKP,HUN,TROX,BAK,ORGN,LXU,VHI"
92,Telecom Services,Communication Services,85.95,40,34,57,51,"UCL,IRDM,IHS,ORAN,IDT,RADI,TKC,TIMB,CCOI,TIGO,IDCC,CMCSA,AMX,CHT,RCI,BCE,LILAK,TLK,LILA,TMUS,SHEN,TEO,VIV,TU,LBTYA,LBTYK,LBRDP,LBTYB,VOD,VZ,T,CHTR,OOMA,SKM,COMSP,LBRDA,ASTS,LBRDK,RDCM,FYBR,ATNI,GOGO,ATEX,CABO,KT,WOW,RBBN,TV,CNSL,USM,PHI,FNGR,CXDO,TDS,GSAT,ANTE,SIFY,ATUS,DISH,KORE,LUMN,QTEK,MIMO,COMS,VEON"
93,Security & Protection Services,Industrials,85.81,39,20,7,29,"MG,EVLV,ARLO,GFAI,IVDA,NSSC,BRC,BCO,VRME,MSA,ALLE,CIX,GEO,SNT,REZI,ADT,NL,UUU,BKYI,BAER,SPCB,DGLY,KSCP,LGMK"
94,Computer Hardware,Technology,85.71,38,42,3,6,"TIO,SMCI,KTCC,ANET,CRSR,ALOT,DELL,IONQ,LOGI,DM,CRCT,TACT,HPQ,NTAP,SSYS,NNDM,DDD,STX,CAN,VLD,PSTG,WDC,VJET,UAVS,OSS,SCKT,RCAT,QUBT,EBON,QMCO,MKFG,INVE,STRC,RGTI,QBTS,FATH"
95,Railroads,Industrials,85.68,38,33,38,59,"CP,WAB,CNI,CSX,RVSN,UNP,FSTR,TRN,NSC,KIQ,GBX,RAIL,USDP"
96,Business Equipment & Supplies,Industrials,85.38,37,42,41,44,"EBF,AVY,SCS,HNI,ACCO"
97,Tobacco,Consumer Defensive,85.25,36,28,20,32,"RLX,VGR,MO,UVV,PM,BTI,TPB,KAVL,XXII,GNLN"
98,REIT—Retail,Real Estate,85.22,36,36,51,70,"SKT,GTY,KRG,WHLRD,SPG,PECO,ADC,NNN,BRX,REG,FCPT,FRT,UBA,O,UBP,CBL,NTST,SITC,RPT,AKR,IVT,KIM,WSR,MAC,PINE,BFS,ALX,ROIC,WHLR,SRG,WHLRP"
99,Communication Equipment,Technology,85.01,34,40,40,51,"SONM,TESS,MAXR,ITI,CLRO,AMPG,BOSC,EXTR,MSI,BDC,HLIT,FEIM,KVHI,WTT,OCC,UTSI,AVNW,PCTI,FKWL,PWFL,DGII,CSCO,MYNA,PI,VSAT,JNPR,KN,BKTI,HPE,INFN,CRNT,CIEN,ITRN,TSAT,ZBRA,SILC,NOK,SATS,ERIC,CMTL,MITQ,CMBM,GILT,UI,AIRG,AKTS,LTRX,VIAV,BOXL,LITE,NTGR,MOB,COMM,CAMP,CLFD,CRDO,AUDC,DZSI,MOBBW,SYTA,ADTN,VISL,ASNS,INSG,CASA,ONDS,MINM,SATX"
100,Oil & Gas E&P,Energy,85.01,34,26,44,96,"VIST,REPX,MTR,PR,CIVI,DEN,DMLP,GPOR,HES,CLMT,CHRD,NOG,BSM,CNQ,ROCC,FANG,CRT,PNRG,EPM,BRN,CPG,IMPPP,NEXT,EOG,SBR,ERF,CTRA,CHK,OXY,PDCE,WDS,RRC,COP,EQT,CRC,ESTE,BRY,KRP,VOC,CKX,PXD,KOS,MRO,MUR,CNX,CRGY,MGY,MVO,APA,DVN,AMPY,OBE,EPSN,NRT,EGY,SWN,SD,MTDR,CRK,HHRS,PRT,TPL,PVL,PED,MXC,SM,EP,VIVK,WTI,PHX,SBOW,BTE,HPK,GPRK,CPE,VTLE,OVV,SJT,AR,TALO,GTE,VET,INDO,REI,HUSA,BATL,TELL,IMPP,USEG,CEI,ALPS"
101,Packaging & Containers,Consumer Cyclical,84.7,34,31,57,44,"OI,GPK,BERY,SLGN,SON,CCK,PKG,REYN,AMCR,GEF,TRS,BALL,SEE,IP,MYE,DSS,KRT,AMBP,WRK,PTVE,PACK,TUP"
102,Textile Manufacturing,Consumer Cyclical,84.62,33,11,6,17,"CULP,AIN,UFI,DXYN"
103,Farm & Heavy Construction Machinery,Industrials,84.25,32,56,28,42,"HY,MTW,GENC,WNC,ALG,PCAR,ARTW,TEX,CMCO,MNTX,AGCO,CAT,CNHI,DE,ASTE,SHYF,REVG,OSK,LNN,LEV,CEAD,TWI,HYFM,UGRO,XOS,NKLA,ZEV,IDEX"
104,Auto Parts,Consumer Cyclical,84.05,32,50,75,55,"CPS,MOD,MLR,MBLY,KNDI,BWA,XPEL,CAAS,ALSN,GTX,FOXF,GTXAP,CVGI,SUP,VC,LKQ,SYPR,ALV,MNRO,APTV,GNTX,ADNT,WKSP,DORM,LEA,DAN,GT,THRM,SRI,SMP,AXL,MGA,PLOW,LAZR,QS,GGR,STRT,WPRT,ECX,INVZ,HLLY,FRSX,AEVA,HYLN,ALLG,SES,MPAA,UFAB,LIDR,AMV"
105,Packaged Foods,Consumer Defensive,84.03,31,27,11,40,"BRBR,LW,MMMB,JBSS,LANC,THS,SOVO,UTZ,CLXT,GIS,INGR,TWNK,WEST,NOMD,CPB,LWAY,CAG,FRPT,USNA,STKL,MKC,SJM,JJSF,BRID,POST,NATR,FLO,SMPL,KHC,K,NAII,BGS,CENTA,PPC,CENT,THRN,HRL,DAR,SNAX,LFVN,HAIN,SENEA,SENEB,HLF,PLAG,RIBT,BYND,BRCC,NCRA,BRFS,RGF,JVA,LSF,FREE,BON,FARM,BTOG,TTCF,PETZ,CYAN,FAMI,NUZE,STKH,BTTR,SMFL,BSFC"
106,Marine Shipping,Industrials,83.97,30,23,20,78,"ASC,PXS,NAT,PANL,PXSAP,SB,KEX,NETI,USEA,GSL,GASS,SMHI,DSX,ESEA,EDRY,DAC,MATX,GOGL,SBLK,SFL,CPLP,GNK,CMRE,EGLE,NMM,NM,SHIP,GRIN,GLBS,ZIM,KNOP,CTRM,CACO,TOPS,PSHG,OP"
107,REIT—Healthcare Facilities,Real Estate,83.96,30,30,30,49,"CTRE,WELL,VTR,CHCT,DOC,OHI,LTC,NHI,HR,SBRA,UHT,HTIBP,GMRE,HTIA,DHC,PEAK,MPW"
108,Apparel Manufacturing,Consumer Cyclical,83.74,29,32,48,9,"PVH,ZGN,KTB,RL,GIL,COLM,OXM,JRSH,GOOS,VNCE,UA,UAA,LAKE,LEVI,GIII,FIGS,DLA,VFC,SGC,XELB,HBI,JXJT"
109,Internet Content & Information,Communication Services,83.28,28,46,39,4,"OPRA,META,JFIN,TME,MATH,MOMO,PERI,SPOT,Z,ZG,LTRPB,SSTK,GOOG,GOOGL,TRUE,BIDU,PINS,DASH,FVRR,UPXI,YNDX,THRY,YY,WB,TRVG,ATHM,KRKR,GETY,YELP,STBX,GENI,LIZI,IAC,CARG,SEAT,SMWB,DOYU,ZH,TBLA,CMCM,KIND,ZDGE,IZEA,SNAP,ANGI,OB,TWLO,ONFO,FENG,SCOR,SLGG,NN,EVER,LTRPA,MTCH,LCFY,LOV,TTGT,MAX,BODY,TC,EGLX,AREN,GRPN,FAZE,BZFD,LKCO,GROM"
110,Staffing & Employment Services,Industrials,83.02,28,26,54,48,"IPDN,TNET,HQI,NSP,HHR,BBSI,ADP,KFRC,BZ,PAYX,MAN,KELYA,ZIP,KELYB,JOB,RHI,HSII,KFY,HRT,HSON,BGSF,TBI,DHX,UPWK,MHH,STAF,RCRT,PIXY"
111,Medical Devices,Healthcare,82.99,27,15,7,11,"RCEL,TMDX,BSGM,TCMD,PROF,UFPT,VMD,PEN,SWAV,DCTH,PACB,ARAY,ATEC,NMTC,RXST,HSKA,SIBN,CNMD,ALGN,TBIO,SYK,HYPR,EDAP,DXCM,INSP,PODD,BRKR,BSX,SNN,QIPT,ITGR,CTSO,NPCE,TMCI,PHG,CVRX,ZBH,IRMD,ASXC,INMD,IRTC,SSKN,KIDS,ECOR,ESTA,AVNS,SGHT,CLPT,FNA,ABT,ELMD,MDT,PETV,EW,IART,XTNT,NARI,ANIK,TELA,AORT,AXGN,CTKB,SILK,BIO,AXDX,LUNG,AXNX,FONR,GKOS,STE,NUVA,OSAAW,IRIX,QTRX,ICCM,OFIX,GMED,MXCT,LUCD,APYX,XAIR,VREX,OM,LIVN,SONX,PRCT,NVNO,SMLR,TNDM,NSPR,ZIMV,AFIB,TNON,SRDX,MDGS,OSA,NVRO,TLIS,RWLK,IINN,RBOT,LNSR,MYO,NURO,BFLY,CERS,AHCO,MODD,NNOX,PAVM,VANI,NXL,ICAD,MOVE,DYNT,INGN,AEMD,CUTR,BBLG,MASS,BTCY,SIEN,SRTS,BWAY,SENS,VERO,BJDX,MOTS,BMRA,OWLT,INVO,NAOV,HSCS,RPID,THMO,CFMS,HSDT,CODX,NMRD,BBLGW,SRGA,AZYO,EAR,NVNOW,VRAY,NUWE,VVOS,RMED,BVS,VAPO,BIOL,RSLS,TIVC,SINT"
112,REIT—Mortgage,Real Estate,82.92,26,23,34,26,"AGNCN,AGNCO,AGNCM,AGNC,AGNCP,AGNCL,EARN,NYMTN,NYMTM,EFC,FBRT,CHMI,NYMTL,SEVN,ACR,NYMTZ,BRMK,REFI,MFA,ARI,DX,LOAN,ARR,NLY,MITT,RITM,ORC,NYMT,PMT,SACH,AAIC,LADR,STWD,RC,AOMR,ABR,TWO,RWT,CIM,LFT,AJX,TRTX,CMTG,BXMT,WMC,ACRE,IVR,NREF,KREF,GPMT"
113,Apparel Retail,Consumer Cyclical,82.54,26,47,61,31,"ONON,JILL,FL,LULU,TJX,URBN,BURL,ROST,ANF,HIBB,AEO,BOOT,BKE,CHS,GES,SCVL,TLYS,CRI,GPS,CURV,VSCO,DXLG,DLTH,RENT,CATO,PLCE,GCO,DBI,SFIX,ZUMZ,CTRN,EXPR,LVLU,BIRD,DBGI"
114,Aluminum,Basic Materials,82.53,25,68,82,14,"CSTM,CENX,KALU,AA"
115,"Furnishings, Fixtures & Appliances",Consumer Cyclical,82.41,24,40,63,21,"KBAL,TPX,ETD,PATK,LZB,AUVIP,AMWD,KEQU,CRWS,FLXS,LOVE,VIRC,MHK,HOFT,LEG,WHR,HBB,IRBT,COOK,FGI,BSET,VIOT,MLKN,PRPL,NVFY,NTZ,TILE,SNBR,EFOI,LCUT,AUVI,ATER"
116,REIT—Specialty,Real Estate,81.42,24,12,26,45,"EQIX,IRM,GLPI,LAMR,EPR,PCH,AMT,SBAC,WY,RYN,OUT,HASI,AFCG,CCI,CXW,FPI,UNIT,PW"
117,Advertising Agencies,Communication Services,81.41,23,22,33,19,"CMPR,IAS,TZOO,OMC,CRTO,TSQ,EEX,IPG,DRCT,WPP,MGNI,BAOS,MCHX,XNET,QNST,STGW,ZD,QUOT,BOC,ISIG,MOXC,STCN,HHS,ICLK,DLX,INUV,CCO,TRKA,CNET,NCMI,CDLX,WIMI,TRMR,ADTH,FLNT,GSMG,ADV,DMS,CTV,MOBQ"
118,Software—Application,Technology,81.25,23,35,14,3,"FTFT,STIX,TROO,ASUR,INTA,RIOT,KC,VERX,DUOL,FICO,NRDY,AGYS,FSLY,PDFS,NXPL,CREX,NATI,CVT,SAP,DGHI,APPF,MANH,HUBS,TTD,CDNS,XM,PCYG,ANSS,AEYE,WFCF,ZETA,SHOP,BLKB,AGMH,MSTR,DSGX,CRM,DV,ADEA,WK,IMMR,PWSC,INST,DT,PRO,CXM,PRGS,UBER,BSY,PEGA,DCBO,OTEX,PD,IE,TYL,CLSK,CRNC,ALIT,WDAY,RSSS,MNTV,SRAD,SMAR,GWRE,INTU,ENV,NOW,PTC,MNDY,DUOT,CDAY,DPSI,WKME,WALD,SSNC,SSNT,CYN,NICE,OMQS,PRST,PCOR,YMM,DJCO,RTC,CCRD,RSKD,OTMO,CVLT,MODN,GRAB,ETWO,SOUN,ADSK,PCTY,APP,INLX,ONTF,SNOW,IDBA,CWAN,PAR,DSP,PAYC,MIXT,IDN,SEMR,GBTG,AZPN,MLNK,PYCR,BSQR,SPNS,TSRI,KARO,YALA,SSTI,BKI,FRSH,ASAN,WEAV,ANY,CALX,EB,ESTC,MITK,PLUS,BLBX,BL,AWRE,BRZE,MNDO,YOU,EVBG,GRND,VTEX,SEAC,SPT,JAMF,AMST,DOCU,SURG,ALKT,ALRM,PUBM,API,EGAN,COIN,DOMO,NCNO,PALT,TEAM,ABST,MTLS,EBIX,FROG,RUM,DDOG,OPFI,RDVT,ISDR,OLO,AYX,SMRT,AMSWA,NTWK,U,AMPL,GVP,ZM,OLB,MKTW,RMNI,ENFN,LSPD,SOPA,VMEO,BMBL,QTWO,WALDW,KBNT,SOFO,LTCH,HTCR,BCOV,QH,AHI,APPS,RNG,COMP,ZI,LYFT,EGHT,GTLB,MTTR,MTC,EXFY,BILL,LYT,TGL,XELAP,PERF,OCFT,OBLG,BMTX,MRIN,BIGC,HKD,VQS,CUEN,PET,FRGE,LAW,DATSW,DATS,PHUN,KSPN,VS,DAVE,SMSI,EZFL,EMBK,RAAS,PRCH,KLR,UPLD,SBIG,MAPS,BRQS,LPSN,AGIL,PBTS,IDAI,VCSA,DBD,MYSZ,AUUD,ML,RENN,FRGT,BLND,IFBD,XELA,CPTN,RBT,MCLD,VERB,INPX,WETG,SWVL,MVLA,NOGN"
119,Software—Infrastructure,Technology,81.23,22,29,15,13,"APCX,YEXT,RELY,PAYS,SQSP,FOUR,IOT,SUMO,ALTR,MSFT,STNE,OSPN,ORCL,NEWR,SPSC,EVCM,FTNT,TUYA,SNPS,WIX,IMXI,LVOXU,NVEI,LVOX,VRSN,PANW,TDC,VMW,CGNT,DOX,EEFT,CLBT,CETX,SCWX,WEX,GB,BASE,NTNX,ADBE,FLT,CHKP,PGYWW,QIWI,WEJOW,MDB,PAYO,RPD,RAMP,FORG,AVPT,ZUO,GDDY,EVTC,ACIW,ATEN,KLTR,CCCS,PATH,QLYS,DBX,DOCN,TOST,VRAR,VRNT,PLTR,TAOP,OKTA,HOOD,SPLK,BOX,SNCR,IIIV,FFIV,AKAM,RDWR,TENB,ESMT,CSGS,CYBR,CRWD,PAGS,CFLT,NET,APPN,AVDX,SWI,NTCT,VRNS,TIXT,BB,RVYL,S,FIVN,INFA,LSAK,SQ,HCP,GCT,REKR,GEN,BLIN,MOGO,DLO,CETXP,PRTH,BAND,DTSS,CCSI,RPAY,BCAN,STER,BLZE,DAVA,ALLT,BKKT,SOS,ZS,SANG,VERI,TCX,MARK,MQ,ZENV,AFRM,PGY,JG,ARBE,CINT,STEM,MLGO,KPLT,IRNT,ARQQ,WEJO,RXT,NXTP,EGIO,INTZ,AUID,VHC,MRDB,GRRR,ZFOX,CISO"
120,REIT—Hotel & Motel,Real Estate,81.12,21,38,50,68,"SOHOO,SVC,SOHOB,SOHON,RHP,APLE,SOHO,HST,DRH,SHO,RLJ,PK,PEB,XHR,CLDT,INN,BHR,HT,IHT,AHT"
121,Leisure,Consumer Cyclical,81.12,21,17,15,7,"XPOF,LTH,OSW,ESCA,JAKK,GOLF,PLNT,FUN,MODG,SIX,SEAS,YETI,AOUT,JOUT,CUK,HAS,MAT,VSTO,PTON,FGH,CLAR,DOGZ,NLS,FNKO,CNXA,PLBY,ISPO,ISPOW,FXLV,BBIG"
122,Information Technology Services,Technology,80.81,20,30,23,18,"CSPI,INOD,KD,NABL,GIB,FISV,CTLP,FLYW,DLB,AI,EXLS,WNS,CACI,SAIC,IBEX,IT,BBAI,ACN,BR,G,XRX,CDW,IBM,ALYA,LDOS,DMRC,CD,WIT,III,CTSH,SRT,USIO,CTM,EPAM,GLOB,CTG,JKHY,DTST,HCKT,NCR,DXC,INFY,MGIC,CLPS,PRFT,GDYN,GDS,ASGN,CNDT,FORTY,PAY,WYY,CLVT,CNXC,FIS,NYAX,BTCM,AUR,TASK,PSFE,TTEC,SASI,LVRO,CRGE,VNET,JFU,TWKS,WAVD,UIS,NOTE,TLS,CYXT"
123,Specialty Business Services,Industrials,80.55,19,25,59,71,"PFMT,RTO,MMS,TRI,CBZ,TH,CTAS,ARC,SP,LZ,ABM,GPN,OMEX,RBA,WHLM,ARMK,QUAD,NTIP,FA,CASS,UNF,ACTG,SGRP,KODK,DLHC,CVEO,TDCX,TISI,VVI,BV,SPIR,PFSW,SST,ATTO,SMX"
124,Coking Coal,Basic Materials,80.55,19,67,73,95,"SXC,HCC,AMR,METC,AREC"
125,Paper & Paper Products,Basic Materials,80.46,18,8,24,57,"SLVM,CLW,GLT,SUZ,MATV,MERC,ITP"
126,Farm Products,Consumer Defensive,80.44,17,19,18,59,"LMNR,DOLE,SANW,CHSCP,FDP,CHSCL,CHSCM,CHSCO,AFRI,CHSCN,AGRO,BG,VITL,CALM,ADM,TSN,LND,ALCO,AQB,VFF,AGRI,LOCL,APPH,EDBL"
127,Health Information Services,Healthcare,80.23,17,16,12,1,"SY,AUGX,SPOK,SOPH,CERT,TXG,ACCD,SDGR,TRHC,EVH,PHR,HSTM,NRC,DOCS,BEAT,STRM,VEEV,PRVA,ZCMD,PINC,HCAT,PGNY,SLP,NXGN,RCM,AGTI,TDOC,HQY,CCLD,RNLX,CPSI,OMCL,OPRX,GDRX,SHCR,MDRX,FORA,ACON,SLGC,DH,HCTI,AMWL,OTRK,BBLN,WORX,MPLN,CMAX,EUDA,AKLI,UTRS,UPH,KERN,LIFW,WGS,NUTX,FOXO,SNCE,NH,OTRKP,HLTH"
128,Solar,Technology,80.1,16,34,86,50,"MAXN,FSLR,ARRY,CSIQ,SHLS,SEDG,FTCI,NOVA,JKS,RUN,SOL,SPI,SPWR,ENPH,BEEM,SPRU,PEGY,VVPR,SUNW,ISUN,ASTI"
129,Publishing,Communication Services,79.96,15,18,36,42,"NYT,RELX,PSO,SCHL,DALN,WLY,WLYB,GCI,EDUC,LEE,IDW"
130,Financial Conglomerates,Financial Services,79.89,15,9,47,13,"VOYA,RILYL,RILYP,RILY,TREE"
131,Consumer Electronics,Technology,79.73,14,14,9,8,"VOXX,AAPL,SONO,SONY,HEAR,LPL,VZIO,MSN,ZEPP,VUZI,GPRO,KOSS,WLDS,UTME,UEIC,MICS"
132,Luxury Goods,Consumer Cyclical,79.32,13,24,49,30,"BGI,TPR,ELA,SIG,CTHR,CPRI,MOV,BRLT,LANV,FOSL,REAL,MYTE"
133,Healthcare Plans,Healthcare,78.5,13,9,13,73,"OSCR,HUM,UNH,ELV,MOH,CI,CNC,CVS,MRAI,ALHC,CLOV,BHG"
134,Banks—Regional,Financial Services,78.45,12,10,42,83,"FCNCA,BBAR,HVBC,OVLY,BSAC,BLX,CZFS,GGAL,BCH,TBBK,HDB,BMA,MFG,NYCB,FCCO,IBN,SUPV,ITCB,PLBC,HTH,FITBO,ITUB,LYG,CASH,CHCO,FCNCP,DB,BSMX,FDBC,FITBP,VBFC,AFBI,FCNCO,CFFI,FITBI,BAP,MBCN,LMST,COFS,BSBR,SSBI,CBFV,CCBG,NECB,HBANP,FRMEP,ONBPO,HFBL,MBINM,FSBW,TECTP,TCBC,PBBK,AX,PEBK,ESQ,IBOC,VABK,BBDO,PROV,BSVN,SFBC,PWOD,MNSBP,HBANM,MLVF,MCBC,WTFCM,ONBPP,PNFPP,VBNK,ZIONO,HOMB,HTLFP,CULL,OFG,BPRN,BBD,IFS,HBT,HNVR,TCBIO,UCBIO,ZIONP,OCFCP,WTFCP,WSBCP,FFBC,KB,NWFL,HWBK,FRAF,BANF,MBIN,BOKF,MSBIP,CCNEP,FCF,FNB,AUBN,SAL,MBNKP,KFFB,BFC,PEBO,LCNB,RBCAA,TSBK,WMPN,AVAL,FCAP,OPOF,MBINO,GBNY,EBTC,TFIN,CVLY,NBN,WF,EFSC,CWBC,BHB,TRST,BKSC,PB,OBT,SSBK,UBSI,CIB,ACNB,MBINP,GSBC,ESSA,CHMG,CTBI,RRBI,EFSCP,SSB,FNLC,PRK,UBCP,ATLO,OFED,SBSI,SBT,SHG,TCBI,CLBK,BPOP,PBFS,CIZN,FMNB,OZK,FBP,BFIN,CCB,SRCE,MSVB,TFSL,NWBI,UNTY,OZKAP,LARK,CARV,FBIZ,ASB,CFR,MGYR,BCML,AMNB,LBAI,EVBN,FBMS,CBU,MBWM,BWBBP,IBCP,OVBC,STBA,CBSH,FINW,FNWD,WSBF,RF,MBINN,LSBK,NKSH,UNB,RNST,CZNC,PTRS,CLST,WAFD,DCOMP,NBTB,FXNC,IROQ,SBFG,BY,AUB,CFBK,LNKB,FSBC,SMBK,BANR,CZWI,HTBI,MNSB,HBCP,TFINP,OSBC,STEL,VLY,HMNF,BLFY,CARE,GCBC,PBHC,TOWN,FFNW,WAFDP,FNCB,PKBK,ECBK,MCBS,FBNC,VLYPO,CADE,PNC,SYBT,NBHC,UBFO,EBMT,HBAN,FULTP,FUSB,NSTS,TRMK,ONB,CFSB,BUSE,TCFC,BSBK,PFIS,FFIN,FMBH,CALB,GABC,CFG,HONE,QCRH,OPBK,CCNE,BSRR,PFS,BAFN,WSFS,ORRF,UVSP,FMAO,RBKB,TMP,GLBZ,THFF,MSBI,WTFC,MTB,FUNC,PDLB,CATY,EQBK,BWFG,PGC,CFFN,SMBC,FGBIP,CNOBP,FBK,CFB,FNWB,MPB,BHLB,CAC,SNV,UCBI,FSEA,ASRV,NIC,FHB,BOTJ,FHN,TCBK,OBNK,FCBC,OCFC,SPFI,AMAL,WNEB,WSBC,FITB,USCB,TBNK,TCBX,WBS,CBNK,PNBK,WTBA,CSTR,NRIM,VLYPP,LBC,BYFC,KRNY,BRBS,CIVB,BRKL,OPHC,CPF,JMSB,SFNC,ABCB,UMBF,HWC,CVCY,USB,FULT,RMBI,RVSB,COLB,SHBI,CBAN,NFBK,FRME,FRST,FIBK,PCB,BFST,HTBK,SMMF,HTLF,WABC,INDB,GNTY,PNFP,GBCI,FISI,FSFG,FRBA,LKFN,HIFS,AROW,BCOW,MVBF,SFBS,PPBI,PFBC,SBCF,FLIC,TFC,LOB,MOFG,HOPE,AMTB,HAFC,BANC,CUBI,TCBS,ALRS,DCOM,ISTR,EBC,CNOB,BOH,MYFW,BCBP,HFWA,SFST,FVCB,HBNC,CATC,PFC,BKU,INTR,FFIC,SASR,CVBF,FGBI,BWB,WASH,MRBK,KEY,CMA,PVBC,RBB,VBTX,IBTX,BMRC,EGBN,ZION,WAL,INBK,MCB,FRBK,PACW,FFWM,HMST,SHFS,SI,FRC"
135,Real Estate—Development,Real Estate,78.05,11,28,10,15,"FOR,GGE,AXR,LSEA,OZ,ARL,FPH,XIN,HCDIP,AEI,HCDI"
136,REIT—Diversified,Real Estate,77.93,11,17,26,36,"EPRT,VICI,ALEX,AHH,UE,SRC,MDRRP,WPC,RTLPO,RTLPP,OLP,BNL,CTO,MDV,SQFTP,GIPR,GNL,RTL,ESRT,MDRR,BRSP,DBRG,GOODN,GOOD,AAT,SQFT,CORR,SAFE"
137,Scientific & Technical Instruments,Technology,77.89,10,21,28,28,"SOBR,BMI,VNT,ESE,VPG,NOVT,GRMN,TDY,ITRI,FTV,ST,LUNA,ELSE,GNSS,SOTK,MLAB,CGNX,BNSO,KEYS,MKSI,MINDP,IIVI,FARO,TRMB,COHR,BKSY,WRAP,MIND,MVIS,KNW,SVRE,SATL,WATT,FCUV,SLNHP,SLNH,AWIN"
138,Diagnostics & Research,Healthcare,76.31,9,13,11,5,"SERA,NEO,RDNT,ENZ,OLK,EXAS,SHC,NTRA,IDXX,MEDP,MTD,BNR,CO,MYGN,BDSX,TMO,LAB,DGX,A,QGEN,LH,WAT,PKI,CSTL,PMD,DHR,NEOG,ILMN,TRIB,STRRP,ICLR,OPK,GENE,IQV,GTH,SYNH,CRL,PSNL,ISPC,APDN,STRR,VNRX,ME,XGN,FLGT,AWH,SQL,AKU,DRIO,PRPO,ACRS,CNTG,STIM,DMTK,GH,NVTA,MDXH,BIAF,NOTV,MYNZ,LMDX,CDNA,HTGM,TWST,BNGO,BIOC,NDRA,PRE,CHEK,OPGN,INBS,TTOO"
139,Drug Manufacturers—Specialty & Generic,Healthcare,75.97,9,5,5,9,"HROW,RMTI,ASRT,AVDL,BGXX,HUGE,SCYX,AQST,LNTH,ITCI,NLTX,HLN,KALA,COLL,RDY,HCM,TAK,AMPH,ALVO,SUPN,ZTS,ANIP,PTPI,BHC,DCPH,NBIX,PRGO,EMBC,RGC,PETQ,KMDA,PAHC,TEVA,PCRX,IRWD,DVAX,PRFX,VTRS,PRPH,EVO,EOLS,SSIC,ZOM,EGRX,DRRX,TARO,AMRX,CRDL,PROC,OPTN,CTLT,QLI,GHSI,SIGA,DERM,CPIX,CRON,TLRY,ACOR,THTX,JUPW,SNDL,CLVRW,ELAN,ORGO,SCTL,SISI,TXMD,UPC,MNK,NEPT,HEXO,IXHL,EVOK,LFCR,SXTC,SBFM,INCR,AYTU,CYTH,OGI,BFRI,ZYNE,ALIM,ACB,SHPH,SNOA,EBS,FLGC,CLVR,CGC,ADMP,AGRX,TKNO,HPCO,IMCC,ATNX,CPHI,AKAN,ACRX,ESPR,YCBD,RDHL"
140,Uranium,Energy,75.5,8,19,76,65,"CCJ,NXE,DNN,LEU,UUUU,EU,URG,UROY,UEC"
141,Real Estate Services,Real Estate,75.48,7,5,3,5,"MLP,FSV,BEKE,INDT,MDJH,RFL,LEJU,RDFN,CSGP,MAYS,FRPH,CIGI,CBRE,PGRU,NEN,LODE,KW,GYRO,RMAX,TCI,FTHM,TCN,RMR,EXPI,MMI,BPYPP,REAX,BPYPO,JLL,GBR,BPYPN,HOUS,CWK,NMRK,DOUG,DUO,DOMA,FLJ,UK,OPEN,ASPS,ALBT,OPAD,SFRWW,SFR,WE"
142,Department Stores,Consumer Cyclical,75.39,7,13,72,76,"DDS,CBD,M,JWN,KSS"
143,Beverages—Wineries & Distilleries,Consumer Defensive,75.08,6,2,2,17,"DEO,WVVIP,MGPI,STZ,WVVI,NAPA,EAST,VWE,VINE"
144,Lumber & Wood Production,Basic Materials,72.63,5,7,21,38,"UFPI,WFG,JCTCF,EVA"
145,Internet Retail,Consumer Cyclical,72.29,5,11,17,0,"DTC,VIPS,TDUP,MELI,NHTC,PDD,SE,LITB,GLBE,CPNG,OZON,EBAY,MOGU,BABA,AMZN,DADA,HEPS,RERE,ETSY,LQDT,CHWY,OSTK,PRTS,QRTEB,BZUN,RVLV,JD,W,IPW,QRTEP,DIBS,JMIA,OCG,TKAT,HOUR,JFBR,FTCH,PIK,YJ,WNW,NEGG,CVNA,JWEL,SECO,IMBI,APRN,ID,QRTEA,WISH,AKA"
146,Real Estate—Diversified,Real Estate,71.68,4,6,4,3,"CHCI,HHC,JOE,STRS,VINO,TPHS"
147,Agricultural Inputs,Basic Materials,71.49,3,7,13,72,"CTVA,FMC,SMG,BIOX,YTEN,AVD,NTR,MOS,UAN,CF,ICL,SEED,CGA,IPI,SVFD,RKDA,BHIL"
148,Broadcasting,Communication Services,71.24,3,4,8,12,"SJ,UONEK,EVC,UONE,SGA,LPTV,TGNA,BBGI,LSXMA,LSXMK,CURI,MDIA,LSXMB,SALM,SSP,GTN,CMLS,IHRT,FUBO,AUD"
149,Utilities—Renewable,Utilities,69.93,2,1,5,41,"FLNC,CEG,BEPC,BEP,ORA,AY,AQNU,CWEN,AQN,EE,RNW,SMR,NEP,CREG,WAVE,ELLO,AMPS,HTOO,BNRG,ADN,AZRE,NRGV,HLGN,HTOOW"
150,REIT—Office,Real Estate,68.52,1,3,19,23,"NYC,EQC,PSTL,ELME,DLR,OFC,DEA,CUZ,ARE,FISK,OGCP,CMCT,ESBA,HIW,DEI,BXP,JBGS,KRC,PGRE,ONL,VNO,BDN,PDM,CIO,SLG,HPP,OPI,FSP"
151,Pharmaceutical Retailers,Healthcare,63.28,1,3,1,1,"SSY,YI,LFMDP,WBA,LFMD,HITI,PETS,MEDS,RAD,CJJD,BIMI,LFLY,MDVL"
152,Auto Manufacturers,Consumer Cyclical,62.46,0,1,1,0,"BLBD,RACE,STLA,HMC,LI,LVWR,F,TM,GM,GP,XPEV,VLCN,FSR,TSLA,NIU,AYRO,VEV,PSNYW,PSNY,EVTV,NIO,LCID,RIVN,GOEV,SOLO,CENN,WKHS,HYZN,PEV,RIDE,PTRA,FFIE,MULN,SEV,ARVL"
153,Software - Infrastructure,Technology,29.88,0,0,0,61,"ALAR,HUBC"
